actual_time,alliances_blue_score,alliances_blue_team_keys_0,alliances_blue_team_keys_1,alliances_blue_team_keys_2,alliances_red_score,alliances_red_team_keys_0,alliances_red_team_keys_1,alliances_red_team_keys_2,comp_level,event_key,key,match_number,post_result_time,predicted_time,score_breakdown_blue_adjustPoints,score_breakdown_blue_autoOwnershipPoints,score_breakdown_blue_autoPoints,score_breakdown_blue_autoQuestRankingPoint,score_breakdown_blue_autoRobot1,score_breakdown_blue_autoRobot2,score_breakdown_blue_autoRobot3,score_breakdown_blue_autoRunPoints,score_breakdown_blue_autoScaleOwnershipSec,score_breakdown_blue_autoSwitchAtZero,score_breakdown_blue_autoSwitchOwnershipSec,score_breakdown_blue_endgamePoints,score_breakdown_blue_endgameRobot1,score_breakdown_blue_endgameRobot2,score_breakdown_blue_endgameRobot3,score_breakdown_blue_faceTheBossRankingPoint,score_breakdown_blue_foulCount,score_breakdown_blue_foulPoints,score_breakdown_blue_rp,score_breakdown_blue_tba_gameData,score_breakdown_blue_techFoulCount,score_breakdown_blue_teleopOwnershipPoints,score_breakdown_blue_teleopPoints,score_breakdown_blue_teleopScaleBoostSec,score_breakdown_blue_teleopScaleForceSec,score_breakdown_blue_teleopScaleOwnershipSec,score_breakdown_blue_teleopSwitchBoostSec,score_breakdown_blue_teleopSwitchForceSec,score_breakdown_blue_teleopSwitchOwnershipSec,score_breakdown_blue_totalPoints,score_breakdown_blue_vaultBoostPlayed,score_breakdown_blue_vaultBoostTotal,score_breakdown_blue_vaultForcePlayed,score_breakdown_blue_vaultForceTotal,score_breakdown_blue_vaultLevitatePlayed,score_breakdown_blue_vaultLevitateTotal,score_breakdown_blue_vaultPoints,score_breakdown_red_adjustPoints,score_breakdown_red_autoOwnershipPoints,score_breakdown_red_autoPoints,score_breakdown_red_autoQuestRankingPoint,score_breakdown_red_autoRobot1,score_breakdown_red_autoRobot2,score_breakdown_red_autoRobot3,score_breakdown_red_autoRunPoints,score_breakdown_red_autoScaleOwnershipSec,score_breakdown_red_autoSwitchAtZero,score_breakdown_red_autoSwitchOwnershipSec,score_breakdown_red_endgamePoints,score_breakdown_red_endgameRobot1,score_breakdown_red_endgameRobot2,score_breakdown_red_endgameRobot3,score_breakdown_red_faceTheBossRankingPoint,score_breakdown_red_foulCount,score_breakdown_red_foulPoints,score_breakdown_red_rp,score_breakdown_red_tba_gameData,score_breakdown_red_techFoulCount,score_breakdown_red_teleopOwnershipPoints,score_breakdown_red_teleopPoints,score_breakdown_red_teleopScaleBoostSec,score_breakdown_red_teleopScaleForceSec,score_breakdown_red_teleopScaleOwnershipSec,score_breakdown_red_teleopSwitchBoostSec,score_breakdown_red_teleopSwitchForceSec,score_breakdown_red_teleopSwitchOwnershipSec,score_breakdown_red_totalPoints,score_breakdown_red_vaultBoostPlayed,score_breakdown_red_vaultBoostTotal,score_breakdown_red_vaultForcePlayed,score_breakdown_red_vaultForceTotal,score_breakdown_red_vaultLevitatePlayed,score_breakdown_red_vaultLevitateTotal,score_breakdown_red_vaultPoints,set_number,time,videos_0_key,videos_0_type,winning_alliance,videos_1_key,videos_1_type,videos_2_key,videos_2_type,videos_3_key,videos_3_type,videos_4_key,videos_4_type,videos_5_key,videos_5_type,alliances_red_dq_team_keys_0,alliances_blue_dq_team_keys_0,alliances_red_dq_team_keys_1,alliances_blue_dq_team_keys_1,alliances_red_dq_team_keys_2,alliances_blue_dq_team_keys_2,alliances_red_surrogate_team_keys_0,alliances_blue_surrogate_team_keys_0,alliances_red_surrogate_team_keys_1,alliances_blue_surrogate_team_keys_1,alliances_red_surrogate_team_keys_2,alliances_blue_surrogate_team_keys_2
1524330144,203,frc1706,frc3339,frc2974,460,frc2976,frc148,frc254,f,2018hop,2018hop_f1m1,1,1524330316,1524330122,0,24,39,False,AutoRun,AutoRun,AutoRun,15,0,True,12,35,None,Climbing,Parking,False,3,5,0,LRL,1,114,159,0,0,2,0,7,112,203,0,1,1,1,0,0,10,0,32,47,False,AutoRun,AutoRun,AutoRun,15,7,True,9,90,Levitate,Climbing,Climbing,False,1,40,0,LRL,0,268,373,0,0,132,0,0,136,460,0,0,0,0,3,3,15,1,1524330000,Enk5CrRnrn0,youtube,red,,,,,,,,,,,,,,,,,,,,,,
1524330977,167,frc1706,frc3339,frc2974,363,frc3075,frc148,frc254,f,2018hop,2018hop_f1m2,2,1524331152,1524331020,0,22,37,False,AutoRun,AutoRun,AutoRun,15,0,True,11,35,Climbing,Parking,None,False,0,30,0,LLL,0,60,100,0,0,0,0,0,60,167,1,1,0,0,0,0,5,0,28,43,False,AutoRun,AutoRun,AutoRun,15,4,True,10,60,None,Levitate,Climbing,False,1,0,0,LLL,1,240,320,0,0,120,2,0,118,363,1,1,0,0,3,3,20,1,1524330780,RFKK10_EwdQ,youtube,red,,,,,,,,,,,,,,,,,,,,,,
1524321185,305,frc1156,frc5496,frc456,453,frc2976,frc148,frc254,qf,2018hop,2018hop_qf1m1,1,1524321357,1524321181,0,16,31,False,AutoRun,AutoRun,AutoRun,15,0,True,8,35,Levitate,Parking,None,False,1,75,0,RLR,1,144,199,0,0,0,10,0,134,305,1,1,0,0,3,3,20,0,36,46,False,AutoRun,AutoRun,None,10,10,True,8,90,Climbing,Levitate,Climbing,False,0,30,0,RLR,3,272,377,0,0,136,0,0,136,453,0,0,0,0,3,3,15,1,1524321000,tqx5xmzftjw,youtube,red,,,,,,,,,,,,,,,,,,,,,,
1524323382,285,frc1156,frc4400,frc456,425,frc2976,frc148,frc254,qf,2018hop,2018hop_qf1m2,2,1524323607,1524323523,0,18,33,False,AutoRun,AutoRun,AutoRun,15,0,True,9,60,None,Levitate,Climbing,False,1,5,0,LLL,1,157,247,0,10,11,10,0,136,285,1,1,2,2,3,3,30,0,20,35,False,AutoRun,AutoRun,AutoRun,15,10,False,0,90,Climbing,Levitate,Climbing,False,1,30,0,LLL,0,255,360,0,0,127,0,0,128,425,0,0,0,0,3,3,15,1,1524322680,CFlSkYJ39tc,youtube,red,,,,,,,,,,,,,,,,,,,,,,
1524321615,352,frc2990,frc294,frc5572,247,frc3397,frc2992,frc6705,qf,2018hop,2018hop_qf2m1,1,1524321801,1524321661,0,42,57,False,AutoRun,AutoRun,AutoRun,15,10,True,11,65,Levitate,Parking,Climbing,False,1,0,0,LLL,0,205,295,10,0,127,0,0,68,352,2,2,0,0,3,3,25,0,20,35,False,AutoRun,AutoRun,AutoRun,15,0,True,10,40,Parking,Parking,Levitate,False,0,5,0,LLL,0,137,207,0,10,11,10,0,116,247,1,1,2,2,3,3,30,2,1524321420,55R7DWx5AQI,youtube,blue,,,,,,,,,,,,,,,,,,,,,,
1524323824,379,frc2990,frc5572,frc3223,351,frc3397,frc6705,frc2992,qf,2018hop,2018hop_qf2m2,2,1524324019,1524323941,0,40,55,False,AutoRun,AutoRun,AutoRun,15,9,True,11,60,None,Climbing,Levitate,False,1,10,0,LLL,0,209,314,5,10,58,10,0,136,379,3,3,2,3,3,3,45,0,20,35,False,AutoRun,AutoRun,AutoRun,15,0,True,10,90,Levitate,Climbing,Climbing,False,2,5,0,LLL,0,186,311,0,1,50,0,0,136,351,2,2,2,2,3,3,35,2,1524323100,VoKSQN55d34,youtube,blue,,,,,,,,,,,,,,,,,,,,,,
1524322061,268,frc359,frc7039,frc3489,403,frc3284,frc399,frc973,qf,2018hop,2018hop_qf3m1,1,1524322263,1524322080,0,18,33,False,AutoRun,AutoRun,AutoRun,15,1,True,8,65,Climbing,Parking,Levitate,False,1,5,0,RRR,0,130,230,0,10,39,0,0,91,268,2,2,2,2,3,3,35,0,16,31,False,AutoRun,AutoRun,AutoRun,15,0,True,8,90,Climbing,Levitate,Climbing,False,1,5,0,RRR,0,247,367,10,0,93,10,0,134,403,3,3,0,0,3,3,30,3,1524321840,LXYCyGhR5LA,youtube,red,,,,,,,,,,,,,,,,,,,,,,
1524324269,338,frc359,frc7039,frc3489,275,frc3284,frc399,frc973,qf,2018hop,2018hop_qf3m2,2,1524324473,1524324301,0,30,45,False,AutoRun,AutoRun,AutoRun,15,6,True,9,65,Parking,Climbing,Levitate,False,0,10,0,RRR,0,193,283,0,10,57,0,0,136,338,0,0,2,2,3,3,25,0,18,33,False,AutoRun,AutoRun,AutoRun,15,1,True,8,35,Levitate,None,Parking,False,2,0,0,RRR,0,182,242,0,10,46,0,0,136,275,0,0,2,2,3,3,25,3,1524323520,BBD_ISo1XPU,youtube,blue,,,,,,,,,,,,,,,,,,,,,,
1524325452,338,frc359,frc7039,frc3489,316,frc3970,frc399,frc973,qf,2018hop,2018hop_qf3m3,3,1524325657,1524325563,0,20,35,False,AutoRun,AutoRun,AutoRun,15,1,True,9,60,Climbing,Levitate,None,False,1,5,0,RLR,1,203,298,0,0,67,0,10,136,338,0,2,1,2,3,3,35,0,26,41,False,AutoRun,AutoRun,AutoRun,15,4,True,9,30,None,Levitate,None,False,1,30,0,RLR,0,185,245,0,0,64,0,0,121,316,1,1,0,2,3,3,30,3,1524325560,hqNo-tLCT1s,youtube,blue,,,,,,,,,,,,,,,,,,,,,,
1524322484,437,frc1902,frc180,frc6025,333,frc3339,frc2974,frc1706,qf,2018hop,2018hop_qf4m1,1,1524322691,1524322504,0,30,45,False,AutoRun,AutoRun,AutoRun,15,4,True,11,90,Climbing,Climbing,Levitate,False,0,10,0,LRL,0,252,382,10,10,96,10,0,136,437,3,3,2,2,3,3,40,0,26,41,False,AutoRun,AutoRun,AutoRun,15,2,True,11,90,Climbing,Climbing,Levitate,False,2,0,0,LRL,0,172,292,0,10,26,10,0,136,333,1,1,2,2,3,3,30,4,1524322260,5ytF6Rc9hlY,youtube,blue,,,,,,,,,,,,,,,,,,,,,,
1524324665,299,frc1902,frc180,frc6025,460,frc1706,frc3339,frc2974,qf,2018hop,2018hop_qf4m2,2,1524324843,1524324699,0,22,37,False,AutoRun,AutoRun,AutoRun,15,0,True,11,40,Parking,Levitate,Parking,False,0,25,0,RRR,0,157,237,0,10,11,10,0,136,299,1,2,2,3,3,3,40,0,42,57,False,AutoRun,AutoRun,AutoRun,15,10,True,11,90,Climbing,Climbing,Levitate,False,0,0,0,RRR,1,278,403,10,0,122,10,9,136,460,3,3,1,1,3,3,35,4,1524323940,ka13RTCu8Lg,youtube,red,,,,,,,,,,,,,,,,,,,,,,
1524326115,321,frc1902,frc180,frc6025,402,frc1706,frc3339,frc2974,qf,2018hop,2018hop_qf4m3,3,1524326290,1524326160,0,22,37,False,AutoRun,AutoRun,AutoRun,15,0,True,11,65,Levitate,Climbing,Parking,False,1,30,0,LLL,1,159,254,10,0,14,10,0,125,321,3,3,0,0,3,3,30,0,24,39,False,AutoRun,AutoRun,AutoRun,15,2,True,10,65,Levitate,Climbing,Parking,False,1,30,0,LLL,1,238,333,0,10,92,10,0,136,402,1,1,2,2,3,3,30,4,1524325980,qo5jgTT7rXM,youtube,red,,,,,,,,,,,,,,,,,,,,,,
1524145232,224,frc456,frc1828,frc3495,300,frc5572,frc3970,frc6060,qm,2018hop,2018hop_qm1,1,1524145398,1524145321,0,8,23,True,AutoRun,AutoRun,AutoRun,15,0,True,4,60,Climbing,Levitate,None,False,1,0,1,LLL,0,106,201,0,0,41,0,10,65,224,3,3,1,1,3,3,35,0,18,33,True,AutoRun,AutoRun,AutoRun,15,0,True,9,30,Climbing,None,None,False,0,5,3,LLL,0,217,262,0,0,71,10,0,136,300,1,1,0,0,0,2,15,1,1524144600,7fVcsZgZMBU,youtube,red,,,,,,,,,,,,,,,,,,,,,,
1524151132,477,frc180,frc2976,frc3019,79,frc5809,frc980,frc585,qm,2018hop,2018hop_qm10,10,1524151301,1524151161,0,30,45,True,AutoRun,AutoRun,AutoRun,15,7,True,8,40,Parking,Levitate,Parking,False,0,55,3,RRR,0,292,377,10,10,136,10,10,136,477,3,3,3,3,3,3,45,0,0,15,False,AutoRun,AutoRun,AutoRun,15,0,False,0,35,None,Climbing,Parking,False,1,0,0,RRR,2,24,64,0,0,0,0,0,24,79,0,0,0,0,0,1,5,1,1524148380,Z8ZtY9o3U6E,youtube,blue,,,,,,,,,,,,,,,,,,,,,,
1524256015,269,frc1828,frc359,frc2974,457,frc254,frc5496,frc456,qm,2018hop,2018hop_qm100,100,1524256185,1524256043,0,22,37,True,AutoRun,AutoRun,AutoRun,15,0,True,11,90,Levitate,Climbing,Climbing,True,6,20,2,RLR,0,107,212,0,0,0,0,0,107,269,0,0,0,0,3,3,15,0,34,49,True,AutoRun,AutoRun,AutoRun,15,10,True,7,90,Climbing,Climbing,Levitate,True,4,30,4,RLR,0,268,378,0,0,136,0,10,132,457,0,0,1,1,3,3,20,1,1524256140,IUduUaP25NU,youtube,red,,,,,,,,,,,,,,,,,,,,,,
1524256366,419,frc4400,frc6353,frc5242,334,frc3075,frc59,frc973,qm,2018hop,2018hop_qm101,101,1524256639,1524256440,0,20,35,True,AutoRun,AutoRun,AutoRun,15,1,True,9,40,Parking,Levitate,Parking,False,1,225,3,LLL,0,104,159,0,0,11,0,0,93,419,0,0,0,0,3,3,15,0,22,32,False,AutoRun,None,AutoRun,10,1,True,10,90,Levitate,Climbing,Climbing,True,0,5,1,LLL,9,192,297,0,0,111,0,0,81,334,0,0,0,0,3,3,15,1,1524256560,3rQGWfbmmSc,youtube,blue,,,,,,,,,,,,,,,,,,,,,,
1524256893,268,frc1261,frc3970,frc1706,413,frc148,frc3339,frc5801,qm,2018hop,2018hop_qm102,102,1524257090,1524257043,0,22,37,True,AutoRun,AutoRun,AutoRun,15,0,True,11,65,Levitate,Parking,Climbing,False,1,20,1,RRR,0,116,211,0,10,11,10,0,95,268,1,1,2,2,3,3,30,0,42,52,False,AutoRun,AutoRun,None,10,10,True,11,90,Climbing,Climbing,Levitate,True,4,5,3,RRR,0,246,356,0,0,126,2,0,118,413,1,1,0,0,3,3,20,1,1524256980,oPS0Sx0ajhc,youtube,red,,,,,,,,,,,,,,,,,,,,,,
1524257282,272,frc6050,frc3506,frc5291,325,frc2992,frc585,frc957,qm,2018hop,2018hop_qm103,103,1524257528,1524257401,0,18,33,True,AutoRun,AutoRun,AutoRun,15,0,True,9,40,Parking,Levitate,Parking,False,3,5,1,RLR,0,174,234,0,0,28,10,0,136,272,1,1,0,0,3,3,20,0,26,36,False,AutoRun,None,AutoRun,10,6,True,7,60,Climbing,Levitate,None,False,1,15,2,RLR,0,184,274,0,10,97,0,10,87,325,0,0,3,3,3,3,30,1,1524257400,_meEH2rSSG4,youtube,red,,,,,,,,,,,,,,,,,,,,,,
1524257693,315,frc6885,frc6702,frc2976,397,frc6919,frc3223,frc5839,qm,2018hop,2018hop_qm104,104,1524257867,1524257700,0,18,33,True,AutoRun,AutoRun,AutoRun,15,0,True,9,40,Levitate,Parking,Parking,False,2,40,1,RRR,2,157,242,0,10,11,10,0,136,315,3,3,2,3,3,3,45,0,0,15,False,AutoRun,AutoRun,AutoRun,15,0,False,0,65,Levitate,Parking,Climbing,False,8,60,2,RRR,0,232,322,0,0,107,10,0,115,397,1,2,0,0,3,3,25,1,1524257820,-O9LCuMgaJw,youtube,red,,,,,,,,,,,,,,,,,,,,,,
1524258183,365,frc5809,frc7173,frc399,297,frc1828,frc6672,frc6705,qm,2018hop,2018hop_qm105,105,1524258385,1524258243,0,22,37,True,AutoRun,AutoRun,AutoRun,15,1,True,10,60,Levitate,None,Climbing,False,5,0,3,LRL,0,253,328,0,0,117,0,0,136,365,0,0,0,0,3,3,15,0,20,35,True,AutoRun,AutoRun,AutoRun,15,0,True,10,65,Parking,Climbing,Levitate,False,0,25,1,LRL,0,147,237,0,0,1,10,5,136,297,1,1,1,1,3,3,25,1,1524258240,mFAQU7dMLtg,youtube,blue,,,,,,,,,,,,,,,,,,,,,,
1524258578,340,frc6353,frc3489,frc3284,311,frc6025,frc2974,frc2096,qm,2018hop,2018hop_qm106,106,1524258754,1524258660,0,14,29,True,AutoRun,AutoRun,AutoRun,15,0,True,7,35,Levitate,Parking,None,False,2,0,3,LLL,0,236,311,10,10,80,10,0,136,340,3,3,2,2,3,3,40,0,6,21,True,AutoRun,AutoRun,AutoRun,15,0,True,3,65,Climbing,Levitate,Parking,False,0,10,1,LLL,0,175,280,0,10,39,0,0,136,311,2,3,2,2,3,3,40,1,1524258660,aS5e3sg736Q,youtube,blue,,,,,,,,,,,,,,,,,,,,,,
1524259624,361,frc4733,frc2990,frc6907,304,frc3019,frc5242,frc6060,qm,2018hop,2018hop_qm107,107,1524259826,1524259741,0,22,37,True,AutoRun,AutoRun,AutoRun,15,0,True,11,60,None,Levitate,Climbing,False,1,5,3,RRR,1,234,319,3,0,113,0,0,118,361,2,2,0,0,3,3,25,0,22,37,True,AutoRun,AutoRun,AutoRun,15,0,True,11,35,None,Parking,Levitate,False,1,30,1,RRR,0,157,237,0,10,11,10,10,136,304,3,3,3,3,3,3,45,1,1524259080,FdmAMIHB7eA,youtube,blue,,,,,,,,,,,,,,,,,,,,,,
1524259996,307,frc3495,frc5801,frc4400,422,frc1902,frc294,frc980,qm,2018hop,2018hop_qm108,108,1524260170,1524260161,0,10,25,True,AutoRun,AutoRun,AutoRun,15,0,True,5,65,Climbing,Parking,Levitate,False,2,20,1,RLR,3,172,262,10,0,42,0,0,120,307,2,2,0,0,3,3,25,0,30,45,True,AutoRun,AutoRun,AutoRun,15,3,True,12,40,Levitate,Parking,Parking,False,4,85,3,RLR,0,227,292,0,10,91,0,0,136,422,0,0,2,2,3,3,25,1,1524259500,1_cpxtbd5es,youtube,red,,,,,,,,,,,,,,,,,,,,,,
1524260536,278,frc180,frc7034,frc359,324,frc3339,frc1156,frc1810,qm,2018hop,2018hop_qm109,109,1524260702,1524260583,0,32,47,True,AutoRun,AutoRun,AutoRun,15,9,True,7,35,Parking,Levitate,None,False,3,5,1,LLL,0,171,226,0,0,74,0,10,97,278,0,0,1,1,3,3,20,0,22,37,True,AutoRun,AutoRun,AutoRun,15,0,True,11,65,Climbing,Levitate,Parking,False,1,15,3,LLL,0,187,272,0,0,45,6,0,136,324,1,1,0,0,3,3,20,1,1524259920,8d7fZkdJM9k,youtube,red,,,,,,,,,,,,,,,,,,,,,,
1524151498,270,frc4733,frc2096,frc7157,507,frc7034,frc6803,frc5801,qm,2018hop,2018hop_qm11,11,1524151729,1524151519,0,12,22,False,AutoRun,AutoRun,None,10,0,True,6,65,Levitate,Climbing,Parking,False,5,0,0,RRR,3,148,248,0,10,11,10,0,127,270,1,1,2,3,3,3,35,0,24,39,True,AutoRun,AutoRun,AutoRun,15,7,True,5,40,Parking,Parking,Levitate,False,0,100,3,RRR,0,283,368,10,10,127,10,10,136,507,3,3,3,3,3,3,45,1,1524148800,JtVZ87oEVqw,youtube,red,,,,,,,,,,,,,,,,,,,,,,
1524260919,362,frc1261,frc5496,frc973,272,frc2283,frc6014,frc6803,qm,2018hop,2018hop_qm110,110,1524261095,1524260940,0,24,39,True,AutoRun,AutoRun,AutoRun,15,0,True,12,90,Levitate,Climbing,Climbing,True,1,5,4,LRL,0,198,318,0,10,52,10,0,136,362,1,1,2,2,3,3,30,0,12,27,False,AutoRun,AutoRun,AutoRun,15,6,False,0,5,None,None,Parking,False,1,5,0,LRL,0,195,240,0,10,59,10,0,126,272,1,2,2,3,0,3,40,1,1524260340,sKdtaO-5wB8,youtube,blue,,,,,,,,,,,,,,,,,,,,,,
1524261316,462,frc5854,frc3970,frc3711,327,frc4775,frc5414,frc1984,qm,2018hop,2018hop_qm111,111,1524261629,1524261482,0,30,45,True,AutoRun,AutoRun,AutoRun,15,6,True,9,40,Parking,Levitate,Parking,False,1,125,3,RRR,0,207,292,0,10,61,10,10,136,462,3,3,3,3,3,3,45,0,20,35,True,AutoRun,AutoRun,AutoRun,15,0,True,10,40,Levitate,Parking,Parking,False,0,5,1,RRR,5,212,287,10,0,56,10,0,136,327,3,3,0,1,3,3,35,1,1524260760,13v5KCvn7F4,youtube,blue,,,,,,,,,,,frc1984,,,,,,,,,,,
1524261743,319,frc7140,frc3397,frc456,500,frc2583,frc1706,frc7157,qm,2018hop,2018hop_qm112,112,1524261919,1524261781,0,12,27,True,AutoRun,AutoRun,AutoRun,15,0,True,6,65,Parking,Levitate,Climbing,False,1,50,1,LRL,5,132,242,0,10,11,10,0,111,319,3,3,2,3,3,3,45,0,22,37,True,AutoRun,AutoRun,AutoRun,15,0,True,11,35,Levitate,Parking,None,False,0,130,3,LRL,2,268,333,10,0,112,10,0,136,500,3,3,0,0,3,3,30,1,1524261180,ocgT8ekQGr0,youtube,red,,,,,,,,,,,,,,,,,,,,,,
1524262176,191,frc7293,frc2854,frc7039,727,frc254,frc148,frc59,qm,2018hop,2018hop_qm113,113,1524262691,1524262561,0,18,33,True,AutoRun,AutoRun,AutoRun,15,0,True,9,30,None,None,Climbing,False,0,25,1,LRL,13,98,133,0,0,24,0,0,74,191,1,1,0,0,0,0,5,0,20,35,True,AutoRun,AutoRun,AutoRun,15,6,True,4,90,Climbing,Climbing,Levitate,True,0,325,4,LRL,1,247,367,0,10,111,0,0,136,727,0,1,2,2,3,3,30,1,1524261600,l0SZ4jDp_qU,youtube,red,,,,,,,,,,,,frc7293,,,,,,,,,,
1524262846,536,frc5572,frc980,frc3339,207,frc3075,frc4733,frc5242,qm,2018hop,2018hop_qm114,114,1524263017,1524262861,0,34,49,True,AutoRun,AutoRun,AutoRun,15,10,True,7,90,Climbing,Levitate,Climbing,True,1,110,4,LRL,0,252,377,10,0,127,0,0,115,536,3,3,0,1,3,3,35,0,20,30,False,AutoRun,None,AutoRun,10,0,True,10,5,None,None,Parking,False,2,5,0,LRL,4,147,172,0,10,11,0,0,136,207,0,0,2,2,0,2,20,1,1524262020,RnQnKBiz-xM,youtube,blue,,,,,,,,,,,,,,,,,,,,,,
1524152031,350,frc6702,frc6907,frc7039,429,frc1706,frc1156,frc3075,qm,2018hop,2018hop_qm12,12,1524152209,1524152160,0,12,27,True,AutoRun,AutoRun,AutoRun,15,0,True,6,90,Levitate,Climbing,Climbing,True,0,0,2,LRL,5,213,323,0,0,67,10,0,136,350,1,1,0,0,3,3,20,0,10,25,False,AutoRun,AutoRun,AutoRun,15,5,False,0,65,Climbing,Levitate,Parking,False,0,125,2,LRL,0,179,279,2,0,55,0,10,122,429,2,2,1,2,3,3,35,1,1524149220,Pu330L40cWk,youtube,red,,,,,,,,,,,,,,,,,,,,,,
1524152392,266,frc1984,frc6050,frc6025,445,frc5572,frc6885,frc254,qm,2018hop,2018hop_qm13,13,1524152558,1524152415,0,0,15,False,AutoRun,AutoRun,AutoRun,15,0,False,0,65,Levitate,Parking,Climbing,False,0,0,0,LLL,0,147,252,0,10,11,10,0,126,266,3,3,2,2,3,3,40,0,42,57,True,AutoRun,AutoRun,AutoRun,15,10,True,11,90,Climbing,Levitate,Climbing,True,0,0,4,LLL,0,273,388,0,0,127,10,0,136,445,1,2,0,0,3,3,25,1,1524149640,UB0vKYe7Bp4,youtube,red,,,,,,,,,,,,,,,,,,,,,,
1524152741,437,frc3223,frc2990,frc2974,166,frc4775,frc3506,frc3970,qm,2018hop,2018hop_qm14,14,1524152916,1524152821,0,40,55,True,AutoRun,AutoRun,AutoRun,15,9,True,11,40,Parking,Levitate,Parking,False,0,25,3,LRL,0,277,357,10,0,127,10,10,130,437,3,3,1,2,3,3,40,0,0,15,False,AutoRun,AutoRun,AutoRun,15,0,False,0,35,None,Levitate,Parking,False,0,0,0,LRL,1,81,151,0,10,11,0,10,70,166,0,1,3,3,3,3,35,1,1524150060,B-_qLc57ad4,youtube,blue,,,,,,,,,,,,,,,,,,,,,,
1524153245,366,frc6705,frc957,frc2583,240,frc5496,frc3495,frc294,qm,2018hop,2018hop_qm15,15,1524153417,1524153362,0,14,29,False,AutoRun,AutoRun,AutoRun,15,7,False,0,40,Levitate,Parking,Parking,False,0,5,2,RLR,0,257,332,0,7,127,0,0,130,366,0,2,2,2,3,3,35,0,22,37,True,AutoRun,AutoRun,AutoRun,15,0,True,11,40,Parking,Parking,Levitate,False,1,0,1,RLR,0,133,203,0,10,11,0,0,122,240,0,1,2,2,3,3,30,1,1524150480,UTrKP1ETopQ,youtube,blue,,,,,,,,,,,,,,,,,,,,,,
1524153862,320,frc6060,frc7157,frc5414,250,frc980,frc3019,frc1810,qm,2018hop,2018hop_qm16,16,1524154029,1524153846,0,14,24,False,AutoRun,None,AutoRun,10,0,True,7,35,Levitate,None,Parking,False,0,30,2,LLL,1,186,266,10,10,30,10,10,136,320,3,3,3,3,3,3,45,0,0,15,False,AutoRun,AutoRun,AutoRun,15,0,False,0,40,Levitate,Parking,Parking,False,1,25,0,LLL,1,125,210,0,10,73,0,10,52,250,0,3,3,3,3,3,45,1,1524150900,ATLX5OvthI8,youtube,blue,,,,,,,,,,,,,,,,,,,,,,
1524154243,373,frc6702,frc585,frc148,227,frc359,frc3284,frc4733,qm,2018hop,2018hop_qm17,17,1524154417,1524154261,0,38,53,True,AutoRun,AutoRun,AutoRun,15,10,True,9,30,None,Levitate,None,False,2,35,3,RRR,0,235,285,0,0,136,3,0,96,373,1,1,0,0,3,3,20,0,16,31,True,AutoRun,AutoRun,AutoRun,15,0,True,8,35,Parking,Levitate,None,False,2,10,1,RRR,1,136,186,0,0,0,0,0,136,227,0,0,0,0,3,3,15,1,1524151320,S9LKq0NH7Vs,youtube,blue,,,,,,,,,,,,,,,,,,,,,,
1524154623,520,frc2992,frc1156,frc6803,244,frc6353,frc7293,frc1902,qm,2018hop,2018hop_qm18,18,1524154855,1524154683,0,28,43,True,AutoRun,AutoRun,AutoRun,15,8,True,6,65,Parking,Climbing,Levitate,False,0,75,3,RRR,0,292,402,10,10,136,10,10,136,520,3,3,3,3,3,3,45,0,24,39,True,AutoRun,AutoRun,AutoRun,15,0,True,12,40,Parking,Levitate,Parking,False,5,0,1,RRR,2,145,205,0,0,0,9,0,136,244,1,1,0,0,3,3,20,1,1524151740,0cjPZr33Wmg,youtube,blue,,,,,,,,,,,,,,,,,,,,,,
1524155304,332,frc5242,frc5809,frc2283,282,frc2854,frc5291,frc3397,qm,2018hop,2018hop_qm19,19,1524155476,1524155400,0,26,41,True,AutoRun,AutoRun,AutoRun,15,3,True,10,35,Parking,Levitate,None,False,0,35,3,RRR,0,191,256,10,0,85,0,0,96,332,2,3,0,0,3,3,30,0,16,31,True,AutoRun,AutoRun,AutoRun,15,1,True,7,35,Levitate,None,Parking,False,2,0,1,RRR,1,176,251,0,10,30,10,0,136,282,3,3,2,2,3,3,40,1,1524152160,Yi5mLNnIZ1U,youtube,blue,,,,,,,,,,,,,,,,,,,,,,
1524145739,473,frc3339,frc1706,frc5414,142,frc3506,frc2283,frc5839,qm,2018hop,2018hop_qm2,2,1524145940,1524145801,0,40,55,True,AutoRun,AutoRun,AutoRun,15,9,True,11,90,Climbing,Climbing,Levitate,True,0,20,4,LLL,0,278,398,3,0,135,4,0,136,473,3,3,0,0,3,3,30,0,8,23,True,AutoRun,AutoRun,AutoRun,15,0,True,4,60,None,Levitate,Climbing,False,4,0,1,LLL,0,29,119,0,0,0,0,10,29,142,1,2,1,1,3,3,30,1,1524145020,i30pwlHPS1A,youtube,blue,,,,,,,,,,,,,,,,,,,,,,
1524155763,282,frc3339,frc6014,frc59,475,frc456,frc399,frc2976,qm,2018hop,2018hop_qm20,20,1524155932,1524155821,0,16,26,False,AutoRun,None,AutoRun,10,0,True,8,65,Climbing,Levitate,Parking,False,0,35,0,LRL,3,126,221,0,0,15,10,0,101,282,1,1,0,2,3,3,30,0,20,35,True,AutoRun,AutoRun,AutoRun,15,0,True,10,65,Parking,Climbing,Levitate,False,2,75,3,LRL,1,260,365,10,2,104,10,0,136,475,3,3,2,2,3,3,40,1,1524152580,KqWfMEAcZxk,youtube,red,,,,,,,,,,,,,,,,,,,,,,
1524156144,317,frc2096,frc180,frc1828,277,frc4400,frc973,frc7140,qm,2018hop,2018hop_qm21,21,1524156339,1524156151,0,20,35,True,AutoRun,AutoRun,AutoRun,15,7,True,3,35,None,Parking,Levitate,False,1,0,3,LRL,0,207,282,0,10,66,5,0,136,317,3,3,2,2,3,3,40,0,6,16,False,AutoRun,AutoRun,None,10,0,True,3,60,None,Climbing,Levitate,False,0,5,0,LRL,0,176,256,0,0,70,0,0,106,277,0,1,0,0,3,3,20,1,1524153000,ZGw1bvUvSr4,youtube,blue,,,,,,,,,,,,,,,,,,,,,,
1524156507,305,frc6672,frc5839,frc1261,210,frc3489,frc3711,frc7034,qm,2018hop,2018hop_qm22,22,1524156714,1524156541,0,18,33,True,AutoRun,AutoRun,AutoRun,15,0,True,9,65,Climbing,Parking,Levitate,False,0,10,3,RRR,0,157,262,0,10,11,10,0,136,305,3,3,2,2,3,3,40,0,10,20,False,AutoRun,AutoRun,None,10,5,False,0,30,Climbing,None,None,False,2,0,0,RRR,0,155,190,0,0,96,0,0,59,210,0,0,0,0,0,1,5,1,1524153420,6Ez7jZX9HEg,youtube,blue,,,,,,,,,,,,,,,,,,,,,,
1524157098,332,frc5801,frc5854,frc5572,327,frc7173,frc6919,frc6907,qm,2018hop,2018hop_qm23,23,1524157265,1524157081,0,10,25,True,AutoRun,AutoRun,AutoRun,15,0,True,5,40,Parking,Levitate,Parking,False,0,5,3,RRR,0,232,302,10,0,76,10,0,136,332,3,3,0,0,3,3,30,0,28,43,True,AutoRun,AutoRun,AutoRun,15,8,True,6,65,Parking,Levitate,Climbing,False,1,0,1,RRR,0,189,284,0,10,54,0,0,135,327,0,1,2,2,3,3,30,1,1524153840,YIdcszOv2AY,youtube,blue,,,,,,,,,,,,,,,,,,,,,,
1524157458,284,frc4775,frc2583,frc980,361,frc6705,frc148,frc4733,qm,2018hop,2018hop_qm24,24,1524157630,1524157501,0,0,15,False,AutoRun,AutoRun,AutoRun,15,0,False,0,35,Parking,None,Climbing,False,1,25,0,LRL,0,184,244,0,10,41,10,10,133,284,1,1,3,3,0,1,25,0,14,29,True,AutoRun,AutoRun,AutoRun,15,0,True,7,65,Parking,Climbing,Levitate,False,0,5,3,LRL,1,217,327,0,10,71,10,0,136,361,1,3,2,3,3,3,45,1,1524154260,V8PQXxRTpPw,youtube,red,,,,,,,,,,,,,,,,,frc4733,frc980,,,,
1524157836,381,frc957,frc3284,frc5242,325,frc3339,frc3223,frc5809,qm,2018hop,2018hop_qm25,25,1524158025,1524157862,0,16,31,True,AutoRun,AutoRun,AutoRun,15,0,True,8,90,Climbing,Levitate,Climbing,True,1,10,4,RLR,1,210,340,8,0,66,0,0,136,381,2,3,0,2,3,3,40,0,20,35,True,AutoRun,AutoRun,AutoRun,15,0,True,10,35,Parking,Levitate,None,False,2,30,1,RLR,0,190,260,0,0,44,10,10,136,325,3,3,1,1,3,3,35,1,1524154680,9JRd4Wen0vo,youtube,blue,,,,,,,,,,,,,,,,,frc3339,frc5242,,,,
1524158271,460,frc4400,frc2283,frc7157,225,frc2990,frc7293,frc1984,qm,2018hop,2018hop_qm26,26,1524158454,1524158341,0,12,22,False,AutoRun,AutoRun,None,10,6,False,0,60,Climbing,Levitate,None,False,0,50,2,LRL,3,283,388,10,10,136,10,10,127,460,3,3,3,3,3,3,45,0,22,37,True,AutoRun,AutoRun,AutoRun,15,0,True,11,35,None,Levitate,Parking,False,0,75,1,LRL,2,63,113,0,0,0,0,0,63,225,0,0,0,0,3,3,15,1,1524155100,1JC4NcELh3E,youtube,blue,,,,,,,,,,,,,,,,,,,,,,
1524158650,452,frc6014,frc254,frc585,294,frc3711,frc3495,frc3397,qm,2018hop,2018hop_qm27,27,1524158831,1524158760,0,28,43,True,AutoRun,AutoRun,AutoRun,15,3,True,11,90,Climbing,Climbing,Levitate,True,1,25,4,RLR,0,254,384,10,0,127,8,10,109,452,3,3,1,2,3,3,40,0,12,27,True,AutoRun,AutoRun,AutoRun,15,0,True,6,65,Climbing,Parking,Levitate,False,0,5,1,RLR,1,157,262,0,10,11,10,0,136,294,1,2,2,3,3,3,40,1,1524155520,tZ7QKgVL3pM,youtube,blue,,,,,,,,,,,,,,,,,,,,,,
1524158985,297,frc2096,frc59,frc5854,364,frc1706,frc1810,frc5496,qm,2018hop,2018hop_qm28,28,1524159212,1524159040,0,6,21,True,AutoRun,AutoRun,AutoRun,15,0,True,3,65,Climbing,Levitate,Parking,False,0,0,1,LRL,0,176,276,0,10,30,10,0,136,297,1,1,2,3,3,3,35,0,22,32,False,AutoRun,None,AutoRun,10,0,True,11,65,Levitate,Parking,Climbing,False,0,0,2,LRL,0,222,332,10,10,91,10,10,111,364,3,3,3,3,3,3,45,1,1524155940,BHTD1OGdvSg,youtube,red,,,,,,,,,,,,,,,,,,,,,,
1524159487,366,frc5414,frc7173,frc2992,316,frc6885,frc7140,frc359,qm,2018hop,2018hop_qm29,29,1524159687,1524159601,0,6,21,False,AutoRun,AutoRun,AutoRun,15,0,False,3,90,Levitate,Climbing,Climbing,True,1,0,3,LLL,1,240,345,0,0,121,0,0,119,366,0,0,0,0,3,3,15,0,14,29,True,AutoRun,AutoRun,AutoRun,15,0,True,7,90,Climbing,Levitate,Climbing,True,0,30,2,LLL,0,147,257,0,0,1,10,0,136,316,1,1,0,0,3,3,20,1,1524156360,FnuhF1jXPbo,youtube,blue,,,,,,,,,,,,,,,,,,,,,,
1524174495,312,frc957,frc2854,frc6672,404,frc5854,frc1902,frc6025,qm,2018hop,2018hop_qm3,3,1524174680,1524146219,0,16,26,False,AutoRun,None,AutoRun,10,0,True,8,65,Parking,Levitate,Climbing,False,3,25,0,RRR,0,156,261,0,7,10,10,0,136,312,3,3,2,2,3,3,40,0,22,37,True,AutoRun,AutoRun,AutoRun,15,0,True,11,40,Parking,Parking,Levitate,False,5,15,3,RRR,0,267,352,10,0,111,10,0,136,404,3,3,0,3,3,3,45,1,1524145440,yPAbDwQ-Bmw,youtube,red,,,,,,,,,,,,,,,,,,,,,,
1524159846,492,frc5291,frc1156,frc399,275,frc2974,frc6060,frc5839,qm,2018hop,2018hop_qm30,30,1524160017,1524159901,0,34,49,True,AutoRun,AutoRun,AutoRun,15,7,True,10,90,Climbing,Levitate,Climbing,True,1,30,4,LRL,0,283,413,10,10,127,10,0,136,492,3,3,2,2,3,3,40,0,0,15,False,AutoRun,AutoRun,AutoRun,15,0,False,0,60,Climbing,Levitate,None,False,1,5,0,LRL,1,150,255,0,10,11,10,0,129,275,1,3,2,3,3,3,45,1,1524156780,zWremMKjQtw,youtube,blue,,,,,,,,,,,,,,,,,,,,,,
1524165130,400,frc3019,frc973,frc3506,278,frc6702,frc7034,frc1902,qm,2018hop,2018hop_qm31,31,1524165307,1524165180,0,24,34,False,None,AutoRun,AutoRun,10,0,True,12,90,Levitate,Climbing,Climbing,True,0,0,3,RLR,0,261,366,0,0,125,0,0,136,400,0,0,0,0,3,3,15,0,24,39,True,AutoRun,AutoRun,AutoRun,15,0,True,12,60,Levitate,Climbing,None,False,0,0,1,RLR,0,149,239,0,2,3,10,0,136,278,1,1,2,2,3,3,30,1,1524164400,uL6FcIaC_ok,youtube,blue,,,,,,,,,,,,,,,,,,,,,,
1524165477,330,frc3075,frc6803,frc3970,355,frc6672,frc6025,frc6919,qm,2018hop,2018hop_qm32,32,1524165653,1524165540,0,32,47,True,AutoRun,AutoRun,AutoRun,15,6,True,10,40,Levitate,Parking,Parking,False,1,15,1,RLR,0,198,268,0,10,52,10,0,136,330,1,1,2,2,3,3,30,0,24,34,False,AutoRun,None,AutoRun,10,0,True,12,65,Parking,Climbing,Levitate,False,3,5,2,RLR,0,206,316,2,10,68,0,10,136,355,2,3,3,3,3,3,45,1,1524164820,SW9WhyfS-N4,youtube,red,,,,,,,,,,,,,,,,,,,,,,
1524165960,434,frc180,frc456,frc1261,260,frc294,frc2854,frc6353,qm,2018hop,2018hop_qm33,33,1524166129,1524166021,0,26,41,True,AutoRun,AutoRun,AutoRun,15,7,True,6,65,Parking,Climbing,Levitate,False,7,0,3,LRL,2,283,393,10,10,127,10,10,136,434,3,3,3,3,3,3,45,0,18,33,True,AutoRun,AutoRun,AutoRun,15,0,True,9,10,Parking,None,Parking,False,0,85,1,LRL,0,117,142,0,10,11,0,10,106,260,0,0,3,3,0,0,15,1,1524165240,z_UGer-MIj4,youtube,blue,,,,,,,,,,,,,,,,,,,,,,
1524166297,166,frc6050,frc3489,frc5801,412,frc1828,frc7039,frc2976,qm,2018hop,2018hop_qm34,34,1524166552,1524166441,0,18,33,True,AutoRun,AutoRun,AutoRun,15,0,True,9,65,Parking,Climbing,Climbing,False,1,30,1,RLR,1,38,103,0,0,2,0,0,36,166,0,0,0,0,0,0,0,0,18,33,True,AutoRun,AutoRun,AutoRun,15,0,True,9,65,Levitate,Climbing,Parking,False,1,30,3,RLR,1,244,349,10,0,110,10,0,114,412,3,3,0,2,3,3,40,1,1524165660,2rHOJSlSqAY,youtube,red,,,,,,,,,,,,,,,,,,,,,,
1524166760,467,frc2990,frc359,frc980,191,frc6014,frc1984,frc2096,qm,2018hop,2018hop_qm35,35,1524166929,1524166860,0,34,49,True,AutoRun,AutoRun,AutoRun,15,8,True,9,90,Climbing,Climbing,Levitate,True,0,0,4,LLL,0,283,418,10,7,127,10,7,136,467,3,3,3,3,3,3,45,0,22,37,True,AutoRun,AutoRun,AutoRun,15,0,True,11,35,None,Parking,Levitate,False,0,0,1,LLL,0,89,154,0,10,11,0,0,78,191,0,1,2,2,3,3,30,1,1524166080,nJ6-9uZgY1Y,youtube,blue,,,,,,,,,,,,,,,,,,,,,,
1524167115,336,frc1156,frc4733,frc2283,307,frc3223,frc7140,frc5854,qm,2018hop,2018hop_qm36,36,1524167284,1524167161,0,18,33,True,AutoRun,AutoRun,AutoRun,15,0,True,9,60,None,Climbing,Levitate,False,0,20,3,RLR,0,188,283,10,10,66,0,0,112,336,2,2,2,2,3,3,35,0,20,35,True,AutoRun,AutoRun,AutoRun,15,0,True,10,65,Levitate,Climbing,Parking,False,4,0,1,RLR,0,192,272,0,0,56,0,0,136,307,0,0,0,0,3,3,15,1,1524166500,DKVForsj4x0,youtube,blue,,,,,,,,,,,,,,,,,,,,,,
1524167512,409,frc5572,frc1902,frc59,214,frc5414,frc6705,frc5809,qm,2018hop,2018hop_qm37,37,1524167722,1524167580,0,28,43,True,AutoRun,AutoRun,AutoRun,15,2,True,12,65,Climbing,Levitate,Parking,False,1,5,3,RRR,0,256,361,8,10,102,10,0,136,409,3,3,2,2,3,3,40,0,22,37,True,AutoRun,AutoRun,AutoRun,15,0,True,11,40,Levitate,Parking,Parking,False,1,5,1,RRR,0,97,172,0,10,22,10,0,65,214,1,1,2,3,3,3,35,1,1524166920,NNv8op1cvdI,youtube,blue,,,,,,,,,,,,,,,,,,,,,,
1524167984,219,frc7157,frc3506,frc6353,497,frc148,frc5496,frc6672,qm,2018hop,2018hop_qm38,38,1524168162,1524168000,0,0,10,False,AutoRun,None,AutoRun,10,0,False,0,35,None,Levitate,Parking,False,0,25,0,RRR,2,129,184,0,0,0,10,0,119,219,1,1,0,0,3,3,20,0,30,45,True,AutoRun,AutoRun,AutoRun,15,10,True,5,65,Climbing,Levitate,Parking,False,0,50,3,RRR,1,292,402,10,10,136,10,10,136,497,3,3,3,3,3,3,45,1,1524167340,HHE9NYP8k7A,youtube,red,,,,,,,,,,,,,,,,,,,,,,
1524168347,415,frc3019,frc6919,frc957,266,frc5242,frc1828,frc1261,qm,2018hop,2018hop_qm39,39,1524168593,1524168423,0,22,32,False,None,AutoRun,AutoRun,10,3,True,8,65,Levitate,Climbing,Parking,False,0,40,2,LRL,1,243,343,10,0,115,5,10,113,415,3,3,1,1,3,3,35,0,8,23,True,AutoRun,AutoRun,AutoRun,15,0,True,4,40,Parking,Levitate,Parking,False,8,25,1,LRL,0,148,218,0,10,12,0,0,136,266,0,1,2,2,3,3,30,1,1524167760,lzR4CQoGP7k,youtube,blue,,,,,,,,,,,,,,,,,,,,,,
1524148883,202,frc7140,frc7293,frc5496,396,frc6907,frc5242,frc4775,qm,2018hop,2018hop_qm4,4,1524149056,1524148921,0,0,5,False,None,AutoRun,None,5,0,False,0,35,Levitate,None,Parking,False,0,25,0,RRR,0,112,172,0,0,0,10,8,102,202,1,1,1,1,3,3,25,0,12,27,True,AutoRun,AutoRun,AutoRun,15,0,True,6,65,Climbing,Levitate,Parking,False,0,0,3,RRR,1,264,369,10,0,126,0,0,128,396,2,3,0,2,3,3,40,1,1524145860,KgjI0gQJ930,youtube,red,,,,,,,,,,,,,,,,,,,,,,
1524168723,385,frc2976,frc6060,frc294,250,frc3397,frc6025,frc4775,qm,2018hop,2018hop_qm40,40,1524168894,1524168728,0,8,18,False,None,AutoRun,AutoRun,10,4,False,0,65,Parking,Levitate,Climbing,False,1,10,2,RRR,0,247,357,10,10,109,10,10,118,385,3,3,3,3,3,3,45,0,6,16,False,None,AutoRun,AutoRun,10,0,True,3,65,Levitate,Climbing,Parking,False,2,5,0,RRR,0,129,229,0,10,17,10,0,102,250,1,1,2,3,3,3,35,1,1524168180,V53u4lkTAgI,youtube,blue,,,,,,,,,,,,,,,,,,,,,,
1524169127,410,frc3339,frc2974,frc6702,218,frc6803,frc7173,frc2854,qm,2018hop,2018hop_qm41,41,1524169298,1524169141,0,32,42,False,AutoRun,AutoRun,None,10,6,True,10,90,Climbing,Climbing,Levitate,True,3,0,3,LLL,0,263,368,0,0,127,0,0,136,410,0,0,0,0,3,3,15,0,6,16,False,AutoRun,AutoRun,None,10,0,True,3,40,Parking,Parking,Levitate,False,0,15,0,LLL,0,117,187,0,10,11,0,10,106,218,0,0,3,3,3,3,30,1,1524168600,1IyUTeCNMdE,youtube,blue,,,,,,,,,,,,,,,,,,,,,,
1524169520,337,frc5291,frc6885,frc973,323,frc3495,frc1706,frc3489,qm,2018hop,2018hop_qm42,42,1524169739,1524169561,0,24,39,True,AutoRun,AutoRun,AutoRun,15,8,True,4,90,Climbing,Levitate,Climbing,True,0,5,4,LRL,0,188,293,0,0,68,0,0,120,337,0,0,0,0,3,3,15,0,22,37,True,AutoRun,AutoRun,AutoRun,15,0,True,11,65,Levitate,Climbing,Parking,False,1,0,1,LRL,0,181,286,6,10,39,0,10,136,323,2,2,3,3,3,3,40,1,1524169020,sbXoSqJ3z7c,youtube,blue,,,,,,,,,,,,,,,,,,,,,,
1524169920,151,frc3711,frc6907,frc6050,474,frc399,frc2583,frc180,qm,2018hop,2018hop_qm43,43,1524170106,1524170041,0,16,31,True,AutoRun,AutoRun,AutoRun,15,2,True,6,60,Levitate,Climbing,None,False,0,0,1,LRL,1,40,120,0,0,0,0,10,40,151,0,0,1,1,3,3,20,0,22,37,True,AutoRun,AutoRun,AutoRun,15,1,True,10,90,Climbing,Levitate,Climbing,True,0,25,4,LRL,0,282,412,10,8,126,10,0,136,474,3,3,2,2,3,3,40,1,1524169440,MxL14F_DgHs,youtube,red,,,,,,,,,,,,,,,,,,,,,,
1524174881,307,frc3284,frc7034,frc3075,447,frc3970,frc254,frc2992,qm,2018hop,2018hop_qm44,44,1524175059,1524170403,0,12,27,False,AutoRun,AutoRun,AutoRun,15,6,False,0,65,Parking,Levitate,Climbing,False,3,25,0,LLL,0,160,255,0,10,25,10,0,125,307,1,1,2,2,3,3,30,0,22,37,True,AutoRun,AutoRun,AutoRun,15,0,True,11,90,Climbing,Climbing,Levitate,True,0,15,4,LLL,1,260,395,10,10,104,10,10,136,447,3,3,3,3,3,3,45,1,1524169860,RWUPpw4Q6zw,youtube,red,,,,,,,,,,,,,,,,,,,,,,
1524170992,459,frc5801,frc5839,frc1810,288,frc4400,frc456,frc7293,qm,2018hop,2018hop_qm45,45,1524171213,1524171000,0,14,29,True,AutoRun,AutoRun,AutoRun,15,0,True,7,65,Climbing,Levitate,Parking,False,0,125,3,LRL,0,210,305,0,0,94,10,0,106,459,3,3,0,0,3,3,30,0,12,27,True,AutoRun,AutoRun,AutoRun,15,0,True,6,65,Levitate,Climbing,Parking,False,10,0,1,LRL,3,176,261,0,0,30,10,0,136,288,1,1,0,0,3,3,20,1,1524170280,XndgsbmUqQg,youtube,blue,,,,,,,,,,,,,,,,,,,,,,
1524171408,299,frc1828,frc5572,frc585,273,frc7039,frc6803,frc4775,qm,2018hop,2018hop_qm46,46,1524171590,1524171421,0,22,37,True,AutoRun,AutoRun,AutoRun,15,0,True,11,65,Levitate,Climbing,Parking,False,0,0,3,RLR,1,157,262,0,10,11,10,0,136,299,1,3,2,2,3,3,40,0,18,33,True,AutoRun,AutoRun,AutoRun,15,0,True,9,40,Levitate,Parking,Parking,False,0,25,1,RLR,0,145,215,0,10,100,0,10,45,273,0,0,3,3,3,3,30,1,1524170700,raBWttvLaCo,youtube,blue,,,,,,,,,,,,,,,,,,,,,,
1524175587,304,frc59,frc5414,frc5291,416,frc2096,frc6702,frc1156,qm,2018hop,2018hop_qm47,47,1524175797,1524171841,0,16,31,True,AutoRun,AutoRun,AutoRun,15,0,True,8,60,None,Levitate,Climbing,False,0,25,1,LRL,1,158,248,0,10,12,10,0,136,304,1,1,2,2,3,3,30,0,20,35,True,AutoRun,AutoRun,AutoRun,15,7,True,3,65,Levitate,Climbing,Parking,False,0,25,3,LRL,1,256,356,0,0,110,10,0,136,416,1,3,0,1,3,3,35,1,1524171120,ZDdLyHVh1Xw,youtube,red,,,,,,,,,,,,,,,,,,,,,,
1524172422,447,frc359,frc6353,frc1706,246,frc2976,frc5809,frc2583,qm,2018hop,2018hop_qm48,48,1524172602,1524172500,0,20,35,True,AutoRun,AutoRun,AutoRun,15,3,True,7,90,Climbing,Levitate,Climbing,True,2,10,4,LRL,0,277,402,10,0,121,10,0,136,447,3,3,0,1,3,3,35,0,18,33,True,AutoRun,AutoRun,AutoRun,15,0,True,9,40,Parking,Parking,Levitate,False,2,10,1,LRL,0,133,203,0,3,6,3,0,124,246,1,1,2,2,3,3,30,1,1524171540,RWAtAzquxxg,youtube,blue,,,,,,,,,,,,,,,,,,,,,,
1524172837,290,frc5496,frc980,frc3711,288,frc3284,frc6919,frc2854,qm,2018hop,2018hop_qm49,49,1524173065,1524172862,0,4,19,False,AutoRun,AutoRun,AutoRun,15,2,False,0,60,Levitate,None,Climbing,False,0,0,2,RRR,0,196,271,0,0,112,0,0,84,290,0,0,0,0,3,3,15,0,16,31,True,AutoRun,AutoRun,AutoRun,15,1,True,7,65,Levitate,Parking,Climbing,False,0,0,1,RRR,0,152,257,0,10,13,10,0,129,288,3,3,2,2,3,3,40,1,1524171960,SpB2-l-aoog,youtube,blue,,,,,,,,,,,,,,,,,,,,,,
1524149277,321,frc7039,frc6014,frc3284,284,frc1810,frc6885,frc6353,qm,2018hop,2018hop_qm5,5,1524149467,1524149341,0,20,35,True,AutoRun,AutoRun,AutoRun,15,0,True,10,65,Parking,Climbing,Levitate,False,1,15,3,LRL,1,161,271,0,10,15,10,0,136,321,3,3,2,3,3,3,45,0,18,28,False,None,AutoRun,AutoRun,10,0,True,9,65,Climbing,Levitate,Parking,False,3,30,0,LRL,0,146,226,0,0,84,0,0,62,284,0,0,0,0,3,3,15,1,1524146280,6s8GF0Ul72s,youtube,blue,,,,,,,,,,,,,,,,,,,,,,
1524173274,447,frc6050,frc254,frc3495,184,frc5854,frc2283,frc3019,qm,2018hop,2018hop_qm50,50,1524173448,1524173281,0,28,43,True,AutoRun,AutoRun,AutoRun,15,3,True,11,90,Levitate,Climbing,Climbing,True,0,75,4,LLL,0,214,329,10,0,127,0,0,77,447,2,2,0,0,3,3,25,0,0,10,False,AutoRun,None,AutoRun,10,0,False,0,35,None,Levitate,Parking,False,0,0,0,LLL,3,114,174,0,10,11,0,0,103,184,0,0,2,2,3,3,25,1,1524172380,rquz3rD3Mfw,youtube,blue,,,,,,,,,,,,,,,,,,,,,,
1524173660,431,frc6060,frc4400,frc3489,210,frc6014,frc957,frc7173,qm,2018hop,2018hop_qm51,51,1524173838,1524173760,0,2,12,False,None,AutoRun,AutoRun,10,1,False,0,90,Levitate,Climbing,Climbing,True,1,10,3,LRL,0,274,409,10,10,127,10,10,127,431,3,3,3,3,3,3,45,0,18,33,True,AutoRun,AutoRun,AutoRun,15,0,True,9,40,Parking,Parking,Levitate,False,2,5,1,LRL,0,107,172,0,0,3,6,0,98,210,1,1,0,1,3,3,25,1,1524172800,xLpNGdp3AIM,youtube,blue,,,,,,,,,,,,,,,,,,,,,,
1524174040,101,frc585,frc5801,frc5242,428,frc7034,frc399,frc6885,qm,2018hop,2018hop_qm52,52,1524174304,1524174180,0,10,25,True,AutoRun,AutoRun,AutoRun,15,0,True,5,40,Parking,Climbing,Parking,False,3,5,1,LLL,0,31,71,0,0,17,0,0,14,101,0,0,0,0,0,0,0,0,22,37,True,AutoRun,AutoRun,AutoRun,15,0,True,11,90,Climbing,Climbing,Levitate,True,1,15,4,LLL,0,246,376,10,0,90,10,0,136,428,3,3,0,2,3,3,40,1,1524173220,8eHFsEE7M7U,youtube,red,,,,,,,,,,,,,,,,,,,,,,
1524229673,367,frc6907,frc6705,frc1810,338,frc6025,frc1261,frc3506,qm,2018hop,2018hop_qm53,53,1524229864,1524229681,0,0,15,False,AutoRun,AutoRun,AutoRun,15,0,False,0,65,Parking,Levitate,Climbing,False,0,75,2,RLR,0,192,277,0,0,56,5,0,131,367,1,1,0,0,3,3,20,0,14,29,True,AutoRun,AutoRun,AutoRun,15,4,True,3,60,Climbing,Levitate,None,False,0,0,1,RLR,3,214,309,0,0,68,10,0,136,338,3,3,0,1,3,3,35,1,1524229200,oFT5Duwnhfs,youtube,blue,,,,,,,,,,,,,,,,,,,,,,
1524230047,148,frc294,frc7157,frc7293,526,frc973,frc3339,frc3970,qm,2018hop,2018hop_qm54,54,1524230239,1524230160,0,22,32,False,AutoRun,None,AutoRun,10,0,True,11,65,Climbing,Parking,Levitate,False,0,0,0,LLL,3,36,116,0,0,0,0,0,36,148,0,0,0,0,3,3,15,0,34,49,True,AutoRun,AutoRun,AutoRun,15,6,True,11,65,Parking,Climbing,Levitate,False,0,75,3,LLL,0,292,402,10,0,136,10,0,136,526,3,3,0,3,3,3,45,1,1524229620,oaNlm0HguZg,youtube,red,,,,,,,,,,,,,,,,,,,,,,
1524230485,418,frc456,frc2992,frc2990,238,frc6672,frc7039,frc4733,qm,2018hop,2018hop_qm55,55,1524230656,1524230520,0,22,37,True,AutoRun,AutoRun,AutoRun,15,0,True,11,40,Levitate,Parking,Parking,False,1,25,3,RRR,2,271,356,10,10,115,10,10,136,418,3,3,3,3,3,3,45,0,18,28,False,AutoRun,AutoRun,None,10,0,True,9,40,Parking,Parking,Levitate,False,0,55,0,RRR,1,85,155,0,10,11,0,0,74,238,0,1,2,2,3,3,30,1,1524230040,ER53h_5H1R8,youtube,blue,,,,,,,,,,,,,,,,,,,,,,
1524230892,271,frc1902,frc3075,frc3223,441,frc5839,frc180,frc148,qm,2018hop,2018hop_qm56,56,1524231091,1524230943,0,24,39,True,AutoRun,AutoRun,AutoRun,15,0,True,12,35,None,Parking,Levitate,False,2,35,1,RLR,0,142,197,0,0,6,0,0,136,271,0,1,0,0,3,3,20,0,32,47,True,AutoRun,AutoRun,AutoRun,15,5,True,11,65,Levitate,Parking,Climbing,False,2,10,3,RLR,1,284,384,10,0,128,10,0,136,441,3,3,0,1,3,3,35,1,1524230460,LR3HULtI7_o,youtube,red,,,,,,,,,,,,,,,,,,,,,,
1524231266,346,frc1984,frc3397,frc7034,344,frc2974,frc6919,frc7140,qm,2018hop,2018hop_qm57,57,1524231452,1524231361,0,18,33,True,AutoRun,AutoRun,AutoRun,15,0,True,9,40,Levitate,Parking,Parking,False,0,50,3,RLR,0,178,263,0,10,32,10,0,136,346,1,3,2,3,3,3,45,0,26,41,True,AutoRun,AutoRun,AutoRun,15,2,True,11,65,Climbing,Levitate,Parking,False,0,0,1,RLR,2,208,303,0,0,77,10,10,121,344,1,2,1,1,3,3,30,1,1524230880,7DnkSK7NGbQ,youtube,blue,,,,,,,,,,,,,,,,,,,,,,
1524231660,295,frc3506,frc5572,frc4400,273,frc3284,frc2976,frc5291,qm,2018hop,2018hop_qm58,58,1524231835,1524231654,0,20,35,True,AutoRun,AutoRun,AutoRun,15,0,True,10,60,Levitate,None,Climbing,False,1,0,3,RLR,0,170,260,0,0,106,10,0,54,295,1,1,0,2,3,3,30,0,18,33,True,AutoRun,AutoRun,AutoRun,15,0,True,9,35,Parking,Levitate,None,False,0,5,1,RLR,0,155,235,0,0,9,10,10,136,273,1,3,1,3,3,3,45,1,1524231300,nbSg2ON4Alk,youtube,blue,,,,,,,,,,,,,,,,,,,,,,
1524232007,440,frc3495,frc4775,frc5809,208,frc7157,frc1261,frc6702,qm,2018hop,2018hop_qm59,59,1524232174,1524232053,0,16,31,True,AutoRun,AutoRun,AutoRun,15,0,True,8,65,Climbing,Parking,Levitate,False,1,25,3,RLR,2,274,384,10,10,118,10,10,136,440,3,3,3,3,3,3,45,0,4,14,False,None,AutoRun,AutoRun,10,2,False,0,10,None,Parking,Parking,False,0,55,0,RLR,1,129,139,0,0,14,0,0,115,208,0,0,0,0,0,0,0,1,1524231720,J6Ma2GRHKLU,youtube,blue,,,,,,,,,,,,,,,,,,,,,,
1524149658,348,frc254,frc2583,frc6919,261,frc2990,frc5291,frc4400,qm,2018hop,2018hop_qm6,6,1524149825,1524149701,0,22,37,True,AutoRun,AutoRun,AutoRun,15,0,True,11,90,Climbing,Climbing,Levitate,True,0,5,4,LRL,0,196,306,0,0,50,10,0,136,348,1,1,0,0,3,3,20,0,22,37,True,AutoRun,AutoRun,AutoRun,15,0,True,11,35,None,Parking,Levitate,False,1,0,1,LRL,0,169,224,0,0,23,10,0,136,261,1,1,0,0,3,3,20,1,1524146700,o8_V9wFod7Y,youtube,blue,,,,,,,,,,,,,,,,,,,,,,
1524232535,262,frc973,frc2854,frc6014,387,frc1156,frc5414,frc585,qm,2018hop,2018hop_qm60,60,1524232724,1524232440,0,24,39,True,AutoRun,AutoRun,AutoRun,15,0,True,12,30,None,None,Levitate,False,4,20,1,RLR,1,148,203,0,10,12,0,0,136,262,0,0,2,2,3,3,25,0,20,35,True,AutoRun,AutoRun,AutoRun,15,0,True,10,5,None,None,Parking,False,4,45,3,RLR,0,272,307,10,0,116,10,0,136,387,3,3,0,0,0,3,30,1,1524232140,X4dtM-ELtjo,youtube,red,,,,,,,,,,,,,,,,,,,,,,
1524232961,397,frc2583,frc1810,frc2283,297,frc6885,frc1828,frc3075,qm,2018hop,2018hop_qm61,61,1524233136,1524233041,0,8,23,True,AutoRun,AutoRun,AutoRun,15,0,True,4,65,Parking,Climbing,Levitate,False,0,55,3,RLR,0,224,319,10,0,69,10,0,135,397,3,3,0,0,3,3,30,0,20,35,True,AutoRun,AutoRun,AutoRun,15,0,True,10,65,Levitate,Parking,Climbing,False,1,0,1,RLR,2,167,262,0,10,21,10,0,136,297,1,1,2,2,3,3,30,1,1524232560,splAP3v-G1s,youtube,blue,,,,,,,,,,,,,,,,,,,,,,
1524233393,64,frc5242,frc6705,frc5854,423,frc3489,frc359,frc456,qm,2018hop,2018hop_qm62,62,1524233566,1524233460,0,0,10,False,None,AutoRun,AutoRun,10,0,False,0,35,Parking,Levitate,None,False,0,0,0,LLL,0,4,54,0,0,0,0,0,4,64,0,0,0,0,3,3,15,0,32,47,True,AutoRun,AutoRun,AutoRun,15,10,True,6,90,Levitate,Climbing,Climbing,True,0,0,4,LLL,0,246,376,10,10,136,5,0,95,423,3,3,2,2,3,3,40,1,1524232980,72nc9PU5-P4,youtube,red,,,,,,,,,,,,,,,,,,,,,,
1524233818,369,frc399,frc6353,frc254,165,frc3970,frc957,frc4733,qm,2018hop,2018hop_qm63,63,1524234002,1524233941,0,36,51,True,AutoRun,AutoRun,AutoRun,15,8,True,10,40,Levitate,Parking,Parking,False,0,0,3,LRL,0,263,318,0,0,127,0,0,136,369,0,0,0,0,3,3,15,0,16,26,False,None,AutoRun,AutoRun,10,0,True,8,60,Levitate,None,Climbing,False,0,0,0,LRL,0,49,139,0,10,11,0,0,38,165,1,1,2,2,3,3,30,1,1524233400,dLA1rFFwkaE,youtube,blue,,,,,,,,,,,,,,,,,,,,,,
1524234248,464,frc5496,frc7039,frc3339,253,frc6060,frc1984,frc1902,qm,2018hop,2018hop_qm64,64,1524234421,1524234360,0,30,45,True,AutoRun,AutoRun,AutoRun,15,6,True,9,90,Levitate,Climbing,Climbing,True,0,0,4,LLL,0,289,419,10,10,133,10,0,136,464,3,3,2,2,3,3,40,0,22,37,True,AutoRun,AutoRun,AutoRun,15,0,True,11,40,Parking,Parking,Levitate,False,0,0,1,LLL,0,141,216,0,3,4,10,3,127,253,1,1,3,3,3,3,35,1,1524233820,GTvbYL-18SY,youtube,blue,,,,,,,,,,,,,,,,,,,,,,
1524234639,335,frc7293,frc6672,frc1706,201,frc3223,frc980,frc6050,qm,2018hop,2018hop_qm65,65,1524234830,1524234663,0,22,37,True,AutoRun,AutoRun,AutoRun,15,0,True,11,90,Levitate,Climbing,Climbing,True,0,10,4,LLL,0,168,288,10,0,77,0,0,81,335,2,2,0,1,3,3,30,0,10,25,True,AutoRun,AutoRun,AutoRun,15,0,True,5,35,None,Parking,Levitate,False,2,0,1,LLL,0,126,176,0,0,33,0,0,93,201,0,0,0,0,3,3,15,1,1524234240,YCtkD-4ttmM,youtube,blue,,,,,,,,,,,,,,,,,,,,,,
1524235036,371,frc3711,frc6025,frc180,263,frc59,frc5801,frc2974,qm,2018hop,2018hop_qm66,66,1524235211,1524235040,0,18,33,True,AutoRun,AutoRun,AutoRun,15,6,True,3,65,Climbing,Levitate,Parking,False,0,0,3,RRR,0,233,338,10,0,127,0,0,96,371,2,3,0,2,3,3,40,0,22,37,True,AutoRun,AutoRun,AutoRun,15,0,True,11,40,Parking,Levitate,Parking,False,0,0,1,RRR,0,156,226,0,10,11,10,0,135,263,1,1,2,2,3,3,30,1,1524234660,maqnqdAVHAs,youtube,blue,,,,,,,,,,,,,,,,,,,,,,
1524235477,440,frc3397,frc148,frc2992,188,frc6907,frc3019,frc2096,qm,2018hop,2018hop_qm67,67,1524235653,1524235501,0,32,47,True,AutoRun,AutoRun,AutoRun,15,10,True,6,65,Parking,Levitate,Climbing,False,1,0,3,RRR,1,283,393,10,10,127,10,10,136,440,3,3,3,3,3,3,45,0,14,24,False,AutoRun,None,AutoRun,10,0,True,7,60,Climbing,Levitate,None,False,0,30,0,RRR,0,44,134,0,10,11,0,10,33,188,0,0,3,3,3,3,30,1,1524235080,eb0Q4UGRepo,youtube,blue,,,,,,,,,,,,,,,,,,,,,,
1524236148,290,frc5839,frc294,frc6803,344,frc7173,frc7140,frc2990,qm,2018hop,2018hop_qm68,68,1524236388,1524236161,0,36,51,True,AutoRun,AutoRun,AutoRun,15,7,True,11,65,Climbing,Levitate,Parking,False,0,0,1,RRR,0,134,239,0,10,42,0,0,92,290,2,3,2,2,3,3,40,0,24,39,True,AutoRun,AutoRun,AutoRun,15,0,True,12,65,Parking,Climbing,Levitate,False,0,0,3,RRR,0,210,305,0,8,75,0,0,135,344,0,1,2,2,3,3,30,1,1524235500,aezV3qcWUis,youtube,red,,,,,,,,,,,,,,,,,,,,,,
1524236562,308,frc6919,frc1902,frc7039,398,frc359,frc7157,frc399,qm,2018hop,2018hop_qm69,69,1524236758,1524236550,0,36,51,True,AutoRun,AutoRun,AutoRun,15,6,True,12,60,Levitate,None,Climbing,False,7,0,1,RLR,0,172,257,0,0,28,8,0,136,308,1,1,0,1,3,3,25,0,22,37,True,AutoRun,AutoRun,AutoRun,15,0,True,11,60,Climbing,None,Levitate,False,0,35,3,RLR,0,241,326,0,0,105,0,0,136,398,0,0,0,2,3,3,25,1,1524235920,z141NSlpNQI,youtube,red,,,,,,,,,,,,,,,,,,,,,,
1524150018,394,frc148,frc3075,frc294,328,frc399,frc1984,frc3489,qm,2018hop,2018hop_qm7,7,1524150230,1524150060,0,40,55,True,AutoRun,AutoRun,AutoRun,15,10,True,10,90,Climbing,Levitate,Climbing,True,1,0,4,RRR,0,234,339,0,0,98,0,0,136,394,0,0,0,0,3,3,15,0,22,37,True,AutoRun,AutoRun,AutoRun,15,0,True,11,90,Climbing,Climbing,Climbing,True,0,5,2,RRR,0,181,286,0,10,35,10,0,136,328,1,1,2,2,0,0,15,1,1524147120,t73sZCE0Leg,youtube,blue,,,,,,,,,,,,,,,,,,,,,,
1524237083,225,frc5809,frc3489,frc6014,441,frc3506,frc4733,frc254,qm,2018hop,2018hop_qm70,70,1524237253,1524237121,0,4,19,False,AutoRun,AutoRun,AutoRun,15,2,False,0,40,Levitate,Parking,Parking,False,1,0,0,LRL,1,136,206,0,10,25,10,0,101,225,1,1,2,2,3,3,30,0,22,37,True,AutoRun,AutoRun,AutoRun,15,0,True,11,90,Climbing,Levitate,Climbing,True,0,30,4,LRL,0,239,374,10,10,83,10,10,136,441,3,3,3,3,3,3,45,1,1524236340,WpEH-TrkhZk,youtube,red,,,,,,,,,,,,,,,,,,,,,,
1524237434,281,frc1984,frc5242,frc1156,291,frc6672,frc3495,frc3284,qm,2018hop,2018hop_qm71,71,1524237613,1524237541,0,22,32,False,AutoRun,None,AutoRun,10,0,True,11,40,Parking,Parking,Levitate,False,3,0,0,LLL,0,189,249,0,0,119,0,0,70,281,0,1,0,0,3,3,20,0,14,29,True,AutoRun,AutoRun,AutoRun,15,0,True,7,65,Climbing,Parking,Levitate,False,0,15,3,LLL,0,147,247,0,10,11,0,0,136,291,0,2,2,2,3,3,35,1,1524236760,Wjrf9AHTht8,youtube,red,,,,,,,,,,,,,,,,,,,,,,
1524237836,419,frc3397,frc3223,frc5496,317,frc5801,frc5414,frc3075,qm,2018hop,2018hop_qm72,72,1524238046,1524237961,0,0,15,False,AutoRun,AutoRun,AutoRun,15,0,False,0,90,Climbing,Levitate,Climbing,True,1,5,3,RRR,1,264,399,10,10,113,10,10,131,419,3,3,3,3,3,3,45,0,20,35,True,AutoRun,AutoRun,AutoRun,15,0,True,10,65,Parking,Levitate,Climbing,False,1,30,1,RRR,0,157,252,0,10,11,10,0,136,317,1,1,2,2,3,3,30,1,1524237180,7GydfXZo9p4,youtube,blue,,,,,,,,,,,,,,,,,,,,,,
1524238237,224,frc1810,frc2990,frc5572,459,frc957,frc3711,frc1706,qm,2018hop,2018hop_qm73,73,1524238416,1524238239,0,22,32,False,AutoRun,AutoRun,None,10,0,True,11,65,Climbing,Levitate,Parking,False,0,5,0,LLL,3,103,188,0,0,0,8,0,95,224,1,1,0,0,3,3,20,0,20,35,True,AutoRun,AutoRun,AutoRun,15,2,True,8,90,Levitate,Climbing,Climbing,True,1,75,4,LLL,0,214,349,10,10,124,10,10,70,459,3,3,3,3,3,3,45,1,1524237600,5-ok_a3zXIA,youtube,red,,,,,,,,,,,,,,,,,,,,,,
1524238587,304,frc3970,frc2096,frc2976,432,frc2283,frc180,frc6705,qm,2018hop,2018hop_qm74,74,1524238771,1524238641,0,18,33,True,AutoRun,AutoRun,AutoRun,15,0,True,9,65,Parking,Climbing,Levitate,False,0,25,1,LLL,0,146,246,0,0,0,10,0,136,304,1,2,0,2,3,3,35,0,28,43,True,AutoRun,AutoRun,AutoRun,15,4,True,10,65,Levitate,Climbing,Parking,False,0,0,3,LLL,1,279,389,10,10,136,10,10,123,432,3,3,3,3,3,3,45,1,1524238020,d5dI122Dp2k,youtube,red,,,,,,,,,,,,,,,,,,,,,,
1524238995,290,frc6885,frc4775,frc2854,327,frc3019,frc4400,frc6803,qm,2018hop,2018hop_qm75,75,1524239187,1524238990,0,16,31,True,AutoRun,AutoRun,AutoRun,15,0,True,8,40,Parking,Parking,Levitate,False,2,30,1,RLR,0,164,229,0,10,28,0,0,136,290,0,0,2,2,3,3,25,0,18,28,False,None,AutoRun,AutoRun,10,0,True,9,35,Parking,None,Levitate,False,1,10,2,RLR,1,209,289,10,10,53,10,10,136,327,3,3,3,3,3,3,45,1,1524238440,vvunM8VP4sE,youtube,red,,,,,,,,,,,,,,,,,,,,,,
1524239382,437,frc2974,frc1261,frc7293,152,frc585,frc5854,frc2583,qm,2018hop,2018hop_qm76,76,1524239571,1524239401,0,24,39,True,AutoRun,AutoRun,AutoRun,15,1,True,11,65,Climbing,Parking,Levitate,False,1,5,3,RRR,0,283,393,10,1,127,10,1,136,437,3,3,3,3,3,3,45,0,0,15,False,AutoRun,AutoRun,AutoRun,15,0,False,0,10,Parking,Parking,None,False,1,5,0,RRR,0,102,132,0,10,11,0,10,91,152,0,0,3,3,0,1,20,1,1524238860,VYigBMt_imo,youtube,blue,,,,,,,,,,,,,,,,,,,,,,
1524239745,257,frc6353,frc7034,frc6060,370,frc294,frc6702,frc6050,qm,2018hop,2018hop_qm77,77,1524239932,1524239784,0,22,37,True,AutoRun,AutoRun,AutoRun,15,0,True,11,65,Parking,Climbing,Levitate,False,0,0,1,RRR,1,120,220,0,10,13,0,10,107,257,0,1,3,3,3,3,35,0,22,37,True,AutoRun,AutoRun,AutoRun,15,0,True,11,90,Climbing,Levitate,Climbing,True,0,25,4,RRR,0,203,308,0,0,110,0,0,93,370,0,0,0,0,3,3,15,1,1524239280,1xSBCrvOgtQ,youtube,red,,,,,,,,,,,,,,,,,,,,,,
1524240151,346,frc6025,frc7173,frc973,304,frc5291,frc456,frc148,qm,2018hop,2018hop_qm78,78,1524240324,1524240146,0,6,21,True,AutoRun,AutoRun,AutoRun,15,0,True,3,65,Parking,Levitate,Climbing,False,1,5,3,RLR,0,220,320,10,1,74,0,0,136,346,2,2,2,2,3,3,35,0,20,35,True,AutoRun,AutoRun,AutoRun,15,0,True,10,90,Levitate,Climbing,Climbing,True,1,5,2,RLR,0,159,264,0,0,23,0,0,136,304,0,0,0,0,3,3,15,1,1524239700,til6Ply3t9Q,youtube,blue,,,,,,,,,,,,,,,,,,,,,,
1524240515,171,frc980,frc5839,frc1828,404,frc2992,frc59,frc6907,qm,2018hop,2018hop_qm79,79,1524240685,1524240552,0,22,27,False,None,AutoRun,None,5,0,True,11,5,None,Parking,None,False,0,0,0,RRR,0,134,144,0,0,0,10,0,124,171,1,1,0,0,0,0,5,0,24,39,True,AutoRun,AutoRun,AutoRun,15,6,True,6,65,Climbing,Parking,Levitate,False,0,0,3,RRR,0,270,365,10,0,136,10,0,114,404,3,3,0,0,3,3,30,1,1524240120,OzS_Vc-5tJs,youtube,red,,,,,,,,,,,,,,,,,,,,,,
1524150386,284,frc7173,frc1261,frc359,361,frc59,frc6050,frc3397,qm,2018hop,2018hop_qm8,8,1524150559,1524150421,0,14,29,True,AutoRun,AutoRun,AutoRun,15,0,True,7,90,Climbing,Levitate,Climbing,True,0,0,2,LLL,0,150,255,0,0,14,0,0,136,284,0,0,0,0,3,3,15,0,14,29,True,AutoRun,AutoRun,AutoRun,15,2,True,5,40,Parking,Levitate,Parking,False,0,0,3,LLL,0,247,332,10,7,91,10,7,136,361,3,3,3,3,3,3,45,1,1524147540,DagOB8jlLWM,youtube,red,,,,,,,,,,,,,,,,,,,,,,
1524240873,201,frc7140,frc6672,frc3019,433,frc359,frc4400,frc3339,qm,2018hop,2018hop_qm80,80,1524241055,1524240915,0,16,31,True,AutoRun,AutoRun,AutoRun,15,0,True,8,65,Climbing,Levitate,Parking,False,1,30,1,LLL,0,35,140,0,10,11,0,10,24,201,2,2,3,3,3,3,40,0,38,53,True,AutoRun,AutoRun,AutoRun,15,8,True,11,60,Climbing,Levitate,None,False,1,5,3,LLL,1,270,375,10,10,114,10,10,136,433,3,3,3,3,3,3,45,1,1524240540,Y6Gdh9YD1m0,youtube,red,,,,,,,,,,,,,,,,,,,,,,
1524241250,340,frc6919,frc3495,frc180,285,frc5414,frc7293,frc3506,qm,2018hop,2018hop_qm81,81,1524241462,1524241272,0,18,33,True,AutoRun,AutoRun,AutoRun,15,0,True,9,65,Parking,Climbing,Levitate,False,0,0,3,LLL,0,197,307,10,10,41,10,0,136,340,3,3,2,3,3,3,45,0,16,31,True,AutoRun,AutoRun,AutoRun,15,0,True,8,35,None,Parking,Levitate,False,0,0,1,LLL,0,189,254,10,0,86,7,0,86,285,3,3,0,0,3,3,30,1,1524240960,CjupyYF8wBU,youtube,blue,,,,,,,,,,,,,,,,,,,,,,
1524241631,434,frc1706,frc6705,frc7034,156,frc6803,frc6060,frc3284,qm,2018hop,2018hop_qm82,82,1524241870,1524241683,0,24,39,True,AutoRun,AutoRun,AutoRun,15,0,True,12,65,Climbing,Levitate,Parking,False,0,35,3,LLL,0,255,360,10,0,107,10,0,128,434,3,3,0,2,3,3,40,0,22,37,True,AutoRun,AutoRun,AutoRun,15,4,True,7,30,Levitate,None,None,False,2,0,1,LLL,1,54,119,0,10,11,0,10,43,156,1,1,3,3,3,3,35,1,1524241380,hsrLI4Bvczw,youtube,blue,,,,,,,,,,,,,,,,,,,,,,
1524248934,312,frc6025,frc5809,frc6885,378,frc2990,frc5496,frc1156,qm,2018hop,2018hop_qm83,83,1524249186,1524249002,0,16,31,True,AutoRun,AutoRun,AutoRun,15,5,True,3,90,Climbing,Climbing,Climbing,True,0,5,2,RLR,0,156,276,0,0,10,10,10,136,312,1,1,1,2,3,3,30,0,22,37,True,AutoRun,AutoRun,AutoRun,15,0,True,11,35,None,Levitate,Parking,False,1,0,3,RLR,0,261,341,10,10,105,10,10,136,378,3,3,3,3,3,3,45,1,1524249000,X97QFrPBWCY,youtube,red,,,,,,,,,,,,,,,,,,,,,,
1524249325,287,frc1902,frc1810,frc7173,487,frc2976,frc5242,frc254,qm,2018hop,2018hop_qm84,84,1524249524,1524249509,0,22,37,True,AutoRun,AutoRun,AutoRun,15,0,True,11,65,Parking,Climbing,Levitate,False,1,0,1,LLL,1,150,250,0,3,4,10,3,136,287,1,1,3,3,3,3,35,0,34,49,True,AutoRun,AutoRun,AutoRun,15,10,True,7,90,Climbing,Levitate,Climbing,True,0,30,4,LLL,0,288,408,10,0,132,10,0,136,487,3,3,0,0,3,3,30,1,1524249420,fyARUzpY4t4,youtube,red,,,,,,,,,,,,,,,,,,,,,,
1524249784,319,frc4775,frc3075,frc456,333,frc2096,frc6050,frc957,qm,2018hop,2018hop_qm85,85,1524249956,1524249783,0,0,15,False,AutoRun,AutoRun,AutoRun,15,0,False,0,65,Levitate,Parking,Climbing,False,1,5,0,RRR,0,199,299,10,0,78,10,10,101,319,3,3,1,1,3,3,35,0,26,41,True,AutoRun,AutoRun,AutoRun,15,6,True,7,65,Climbing,Parking,Levitate,False,1,5,3,RRR,0,187,287,0,10,41,10,0,136,333,1,2,2,2,3,3,35,1,1524249840,fIQpnUMvz6Y,youtube,red,,,,,,,,,,,,,,,,,,,,,,
1524250166,157,frc4733,frc5291,frc1828,423,frc1261,frc3711,frc294,qm,2018hop,2018hop_qm86,86,1524250337,1524250263,0,18,33,True,AutoRun,AutoRun,AutoRun,15,0,True,9,40,Parking,Climbing,Parking,False,1,5,1,RRR,1,69,119,0,10,11,0,0,58,157,0,0,2,2,0,0,10,0,16,31,False,AutoRun,AutoRun,AutoRun,15,8,False,0,90,Levitate,Climbing,Climbing,True,1,30,3,RRR,0,252,362,0,0,127,10,0,115,423,1,1,0,0,3,3,20,1,1524250260,3OCn_HXkQQM,youtube,red,,,,,,,,,,,,,,,,,,,,,,
1524250546,197,frc1984,frc6702,frc5801,285,frc2583,frc2992,frc6014,qm,2018hop,2018hop_qm87,87,1524250716,1524250561,0,22,32,False,AutoRun,AutoRun,None,10,0,True,11,30,Climbing,None,None,False,2,0,0,LLL,0,125,165,0,0,0,0,0,125,197,0,0,0,0,0,2,10,0,12,27,True,AutoRun,AutoRun,AutoRun,15,0,True,6,40,Parking,Parking,Levitate,False,0,10,3,LLL,0,183,248,0,10,120,0,0,63,285,0,0,2,2,3,3,25,1,1524250680,SHqwQhlApU8,youtube,red,,,,,,,,,,,,,,,,,,,,,,
1524250902,253,frc585,frc59,frc3223,353,frc7157,frc3339,frc6907,qm,2018hop,2018hop_qm88,88,1524251071,1524250939,0,8,23,True,AutoRun,AutoRun,AutoRun,15,0,True,4,35,Parking,Climbing,None,False,0,5,1,LLL,2,190,225,0,0,54,0,0,136,253,0,0,0,0,0,0,0,0,12,27,True,AutoRun,AutoRun,AutoRun,15,0,True,6,60,Levitate,Climbing,None,False,1,50,3,LLL,0,201,276,0,0,65,0,0,136,353,0,0,0,0,3,3,15,1,1524251100,c_AsR7TDKAc,youtube,red,,,,,,,,,,,,,,,,,,,,,,
1524251299,289,frc5839,frc3397,frc5854,427,frc973,frc6353,frc5572,qm,2018hop,2018hop_qm89,89,1524251520,1524251460,0,12,27,True,AutoRun,AutoRun,AutoRun,15,0,True,6,65,Parking,Climbing,Levitate,False,0,0,1,RRR,0,157,262,0,10,11,10,0,136,289,1,2,2,3,3,3,40,0,36,51,True,AutoRun,AutoRun,AutoRun,15,8,True,10,90,Climbing,Levitate,Climbing,True,0,0,4,RRR,0,261,376,10,0,127,0,0,124,427,2,2,0,0,3,3,25,1,1524251520,-nCyUEQzbEQ,youtube,red,,,,,,,,,,,,,,,,,,,,,,
1524150769,309,frc3711,frc2974,frc6705,413,frc3223,frc973,frc2992,qm,2018hop,2018hop_qm9,9,1524150940,1524150841,0,26,41,True,AutoRun,AutoRun,AutoRun,15,2,True,11,65,Climbing,Parking,Levitate,False,4,5,1,RRR,1,178,263,0,0,56,0,0,122,309,0,1,0,0,3,3,20,0,18,33,True,AutoRun,AutoRun,AutoRun,15,2,True,7,90,Climbing,Climbing,Levitate,True,1,45,4,RRR,0,205,335,0,10,59,10,0,136,413,1,3,2,2,3,3,40,1,1524147960,iXUgMfTgTLk,youtube,red,,,,,,,,,,,,,,,,,,,,,,
1524251686,414,frc3970,frc7140,frc399,254,frc2854,frc3489,frc980,qm,2018hop,2018hop_qm90,90,1524251857,1524251763,0,20,35,True,AutoRun,AutoRun,AutoRun,15,0,True,10,65,Levitate,Parking,Climbing,False,1,0,3,LRL,1,274,379,10,0,118,10,0,136,414,3,3,0,2,3,3,40,0,28,43,True,AutoRun,AutoRun,AutoRun,15,6,True,8,60,Levitate,None,Climbing,False,0,30,1,LRL,0,101,181,0,0,12,9,0,80,254,1,1,0,0,3,3,20,1,1524251940,DYO-tOMNYQY,youtube,blue,,,,,,,,,,,,,,,,,,,,,,
1524252054,391,frc7039,frc148,frc957,223,frc2974,frc2283,frc5414,qm,2018hop,2018hop_qm91,91,1524252289,1524252181,0,34,49,True,AutoRun,AutoRun,AutoRun,15,6,True,11,90,Climbing,Climbing,Levitate,True,1,25,4,LRL,1,202,317,10,0,123,0,0,69,391,2,2,0,0,3,3,25,0,16,31,True,AutoRun,AutoRun,AutoRun,15,1,True,7,5,Parking,None,None,False,0,30,1,LRL,1,127,162,0,10,13,10,10,104,223,1,1,3,3,0,2,30,1,1524252360,2-x3dW7XMGI,youtube,blue,,,,,,,,,,,,,,,,,,,,,,
1524252797,124,frc4733,frc4775,frc7173,506,frc1902,frc3284,frc180,qm,2018hop,2018hop_qm92,92,1524253020,1524252843,0,8,18,False,None,AutoRun,AutoRun,10,0,True,4,40,Parking,Parking,Levitate,False,2,0,0,RRR,2,31,106,0,10,11,0,0,20,124,0,2,2,2,3,3,35,0,38,53,True,AutoRun,AutoRun,AutoRun,15,7,True,12,65,Parking,Levitate,Climbing,False,0,60,3,RRR,0,283,393,10,10,127,10,10,136,506,3,3,3,3,3,3,45,1,1524252780,xx0ceY1RHVM,youtube,red,,,,,,,,,,,,,,,,,,,,,,
1524253162,416,frc6803,frc6907,frc1984,367,frc1810,frc5291,frc5809,qm,2018hop,2018hop_qm93,93,1524253341,1524253261,0,24,39,True,AutoRun,AutoRun,AutoRun,15,2,True,10,65,Parking,Climbing,Levitate,False,0,55,3,RLR,3,222,322,10,0,76,0,0,136,416,2,3,0,1,3,3,35,0,18,33,True,AutoRun,AutoRun,AutoRun,15,0,True,9,65,Parking,Climbing,Levitate,False,1,75,1,RLR,2,154,259,0,10,18,0,0,136,367,0,3,2,2,3,3,40,1,1524253200,FMrRH64zldg,youtube,blue,,,,,,,,,,,,,,,,,,,,,,
1524253541,132,frc1156,frc5839,frc6014,461,frc6705,frc7157,frc6050,qm,2018hop,2018hop_qm94,94,1524253717,1524253560,0,22,32,False,None,AutoRun,AutoRun,10,0,True,11,30,None,Climbing,None,False,6,0,0,RLR,2,70,100,0,0,0,0,0,70,132,0,0,0,0,0,0,0,0,22,37,True,AutoRun,AutoRun,AutoRun,15,0,True,11,60,Levitate,None,Climbing,False,0,80,3,RLR,0,259,344,0,0,122,0,0,137,461,0,2,0,0,3,3,25,1,1524253620,XOfcb6mt3NA,youtube,red,,,,,,,,,,,,,,,,,,,,,,
1524253894,257,frc980,frc5854,frc6885,396,frc3397,frc3506,frc6702,qm,2018hop,2018hop_qm95,95,1524254074,1524253983,0,14,29,True,AutoRun,AutoRun,AutoRun,15,0,True,7,60,Climbing,Levitate,None,False,0,45,1,LLL,0,93,183,0,0,0,0,0,93,257,3,3,0,0,3,3,30,0,12,27,True,AutoRun,AutoRun,AutoRun,15,0,True,6,40,Parking,Levitate,Parking,False,4,0,3,LLL,1,284,369,10,10,128,10,10,136,396,3,3,3,3,3,3,45,1,1524254040,mrLsisgDEEE,youtube,red,,,,,,,,,,,,,,,,,,,,,,
1524254528,350,frc2854,frc2976,frc2990,288,frc7034,frc2992,frc3495,qm,2018hop,2018hop_qm96,96,1524254702,1524254521,0,18,33,True,AutoRun,AutoRun,AutoRun,15,0,True,9,35,None,Parking,Levitate,False,1,5,3,RLR,2,242,312,0,0,115,10,10,117,350,1,2,1,2,3,3,35,0,12,27,True,AutoRun,AutoRun,AutoRun,15,0,True,6,90,Climbing,Climbing,Climbing,True,1,55,2,RLR,0,101,206,0,0,2,0,0,99,288,0,0,0,0,3,3,15,1,1524254460,5NkWcxrynmw,youtube,blue,,,,,,,,,,,,,,,,,,,,,,
1524254887,558,frc3489,frc294,frc6672,230,frc2283,frc585,frc6919,qm,2018hop,2018hop_qm97,97,1524255052,1524254940,0,22,37,True,AutoRun,AutoRun,AutoRun,15,0,True,11,90,Levitate,Climbing,Climbing,True,1,115,4,RRR,0,276,406,10,0,123,8,0,135,558,3,3,0,2,3,3,40,0,36,51,True,AutoRun,AutoRun,AutoRun,15,8,True,10,35,Levitate,None,Parking,False,3,5,1,RRR,4,124,174,0,0,10,0,0,114,230,0,0,0,0,3,3,15,1,1524254880,leEK1toHaC8,youtube,blue,,,,,,,,,,,,,,,,,,,,,,
1524255296,191,frc2583,frc3019,frc3223,435,frc7039,frc399,frc6025,qm,2018hop,2018hop_qm98,98,1524255461,1524255302,0,20,35,True,AutoRun,AutoRun,AutoRun,15,0,True,10,65,Levitate,Climbing,Parking,False,0,0,1,RRR,0,66,156,0,10,11,0,0,55,191,0,0,2,2,3,3,25,0,22,37,True,AutoRun,AutoRun,AutoRun,15,0,True,11,90,Climbing,Climbing,Levitate,True,0,0,4,RRR,0,263,398,10,0,117,0,0,136,435,2,3,0,3,3,3,45,1,1524255300,n2kRSaZ60fA,youtube,red,,,,,,,,,,,,,,,,,,,,,,
1524255653,257,frc6060,frc2096,frc7140,455,frc7293,frc5572,frc3711,qm,2018hop,2018hop_qm99,99,1524255827,1524255687,0,0,15,False,AutoRun,AutoRun,AutoRun,15,0,False,0,65,Levitate,Climbing,Parking,False,2,5,0,RLR,1,132,237,0,0,0,0,10,132,257,2,3,1,2,3,3,40,0,22,37,True,AutoRun,AutoRun,AutoRun,15,0,True,11,65,Parking,Climbing,Levitate,False,1,35,3,RLR,0,278,383,10,0,122,10,0,136,455,3,3,0,2,3,3,40,1,1524255720,po2Sn5dj2EA,youtube,red,,,,,,,,,,,,,,,,,,,,,,
1524326509,324,frc2990,frc294,frc5572,358,frc2976,frc148,frc254,sf,2018hop,2018hop_sf1m1,1,1524326691,1524326540,0,22,37,False,AutoRun,AutoRun,AutoRun,15,0,True,11,65,Levitate,Parking,Climbing,False,0,5,0,RRR,0,182,282,0,10,36,10,0,136,324,1,2,2,2,3,3,35,0,26,41,False,AutoRun,AutoRun,AutoRun,15,4,True,9,90,Climbing,Levitate,Climbing,False,1,0,0,RRR,0,207,317,0,0,90,0,7,117,358,0,0,1,1,3,3,20,1,1524326760,IjiNPCN_f_w,youtube,red,,,,,,,,,,,,,,,,,,,,,,
1524329153,139,frc2990,frc294,frc5572,468,frc2976,frc148,frc254,sf,2018hop,2018hop_sf1m2,2,1524329323,1524328145,0,20,35,False,AutoRun,AutoRun,AutoRun,15,0,True,10,30,None,Climbing,None,False,1,5,0,RLR,1,59,99,0,0,0,0,10,59,139,0,1,1,1,0,0,10,0,26,41,False,AutoRun,AutoRun,AutoRun,15,4,True,9,90,Climbing,Levitate,Climbing,False,1,30,0,RLR,0,282,397,10,0,136,0,0,136,468,2,2,0,0,3,3,25,1,1524327600,hb0Ma2He_l4,youtube,red,,,,,,,,,,,,,,,,,,,,,,
1524327301,465,frc1706,frc3339,frc2974,300,frc359,frc7039,frc3489,sf,2018hop,2018hop_sf2m1,1,1524327481,1524327361,0,42,57,False,AutoRun,AutoRun,AutoRun,15,10,True,11,90,Climbing,Climbing,Levitate,False,3,0,0,RLR,0,283,408,10,0,127,10,9,136,465,3,3,1,1,3,3,35,0,18,33,False,AutoRun,AutoRun,AutoRun,15,0,True,9,65,Levitate,Climbing,Parking,False,0,15,0,RLR,0,152,252,0,10,11,10,0,131,300,1,2,2,2,3,3,35,2,1524327180,0XLEF5AaPf8,youtube,blue,,,,,,,,,,,,,,,,,,,,,,
1524328639,507,frc1706,frc3339,frc2974,249,frc7039,frc6060,frc3489,sf,2018hop,2018hop_sf2m2,2,1524328808,1524328681,0,42,57,False,AutoRun,AutoRun,AutoRun,15,10,True,11,90,Climbing,Climbing,Levitate,False,0,55,0,LLL,0,280,395,10,0,134,0,0,136,507,2,2,0,0,3,3,25,0,18,33,False,AutoRun,AutoRun,AutoRun,15,0,True,9,65,Climbing,Levitate,Parking,False,1,0,0,LLL,2,136,216,0,0,0,0,0,136,249,0,0,0,0,3,3,15,2,1524328020,LKOUvUoj6E0,youtube,blue,,,,,,,,,,,,,,,,,,,,,,
